-- ════════════════════════════════════════════════════════
-- AcadTrack Pro — 02_seeds.sql
-- NNRG R22 Regulations — Corrected subjects & mappings
-- Run SECOND after 01_schema.sql
-- ════════════════════════════════════════════════════════

USE acadtrack_pro;

-- ── Semesters ────────────────────────────────────────
INSERT INTO Semesters (semester_id, semester_number) VALUES
  (1,1),(2,2),(3,3),(4,4),(5,5),(6,6),(7,7),(8,8);

-- ── GradePoints ──────────────────────────────────────
INSERT INTO GradePoints (grade, points) VALUES
  ('O',10.0),('A',9.0),('B',8.0),('C',7.0),('D',6.0),('F',0.0);

-- ── Admin ────────────────────────────────────────────
INSERT INTO Admins (username, password) VALUES ('admin', 'admin123');

-- ── Subjects (127 rows) ──────────────────────────────
INSERT INTO Subjects (subject_id, subject_name, credits, semester, difficulty) VALUES
  (1, 'Matrices and Calculus', 4.0, 1, 'Hard'),
  (2, 'Engineering Chemistry', 4.0, 1, 'Hard'),
  (3, 'Programming for Problem Solving', 3.0, 1, 'Medium'),
  (4, 'Basic Electrical Engineering', 2.0, 1, 'Medium'),
  (5, 'Computer Aided Engineering Graphics', 2.0, 1, 'Medium'),
  (6, 'Elements of Computer Science and Engineering', 1.0, 1, 'Easy'),
  (7, 'Engineering Chemistry Laboratory', 1.0, 1, 'Easy'),
  (8, 'Programming for Problem Solving Laboratory', 1.0, 1, 'Easy'),
  (9, 'English Language and Communication Skills Laboratory', 1.0, 1, 'Easy'),
  (10, 'Basic Electrical Engineering Laboratory', 1.0, 1, 'Easy'),
  (11, 'Applied Physics', 4.0, 1, 'Hard'),
  (12, 'Applied Physics Laboratory', 1.5, 1, 'Easy'),
  (13, 'Engineering Workshop', 2.5, 1, 'Easy'),
  (14, 'English for Skill Enhancement', 2.0, 1, 'Easy'),
  (20, 'Ordinary Differential Equations and Vector Calculus', 4.0, 2, 'Hard'),
  (21, 'Applied Physics II', 4.0, 2, 'Hard'),
  (22, 'Engineering Workshop II', 2.5, 2, 'Easy'),
  (23, 'English for Skill Enhancement II', 2.0, 2, 'Easy'),
  (24, 'Electronic Devices and Circuits', 2.0, 2, 'Medium'),
  (25, 'Applied Physics Laboratory II', 1.5, 2, 'Easy'),
  (26, 'Python Programming Laboratory', 2.0, 2, 'Easy'),
  (27, 'English Language and Communication Skills Lab II', 1.0, 2, 'Easy'),
  (28, 'IT Workshop', 1.0, 2, 'Easy'),
  (29, 'Engineering Chemistry II', 4.0, 2, 'Hard'),
  (30, 'Computer Aided Engineering Graphics II', 3.0, 2, 'Medium'),
  (31, 'Basic Electrical Engineering II', 2.0, 2, 'Medium'),
  (32, 'Engineering Chemistry Laboratory II', 1.0, 2, 'Easy'),
  (33, 'Basic Electrical Engineering Laboratory II', 1.0, 2, 'Easy'),
  (35, 'Applied Physics Laboratory CSD', 1.5, 2, 'Easy'),
  (40, 'Digital Logic Design', 3.0, 3, 'Medium'),
  (41, 'Data Structures', 3.0, 3, 'Hard'),
  (42, 'Computer Oriented Statistical Methods', 3.0, 3, 'Medium'),
  (43, 'Computer Oriented Statistical Methods CSD', 4.0, 3, 'Medium'),
  (44, 'Business Economics and Financial Analysis', 3.0, 3, 'Medium'),
  (45, 'Object Oriented Programming through Java', 3.0, 3, 'Medium'),
  (46, 'Data Structures Lab', 1.5, 3, 'Easy'),
  (47, 'Object Oriented Programming through Java Lab', 1.5, 3, 'Easy'),
  (48, 'Gender Sensitization Lab', 0.0, 3, 'Easy'),
  (49, 'Skill Development Course I', 1.0, 3, 'Easy'),
  (50, 'Environmental Science Sem3', 1.0, 3, 'Easy'),
  (51, 'Discrete Mathematics CSM', 3.0, 3, 'Hard'),
  (52, 'Operating Systems CSM', 3.0, 3, 'Hard'),
  (53, 'Computer Organization and Architecture', 3.0, 3, 'Hard'),
  (54, 'Software Engineering CSM', 3.0, 3, 'Medium'),
  (55, 'Operating Systems Lab CSM', 1.5, 3, 'Easy'),
  (56, 'Software Engineering Lab', 1.0, 3, 'Easy'),
  (57, 'Constitution of India CSM', 0.0, 3, 'Easy'),
  (60, 'Discrete Mathematics', 3.0, 4, 'Hard'),
  (61, 'Computer Organization and Architecture II', 3.0, 4, 'Hard'),
  (62, 'Operating Systems', 3.0, 4, 'Hard'),
  (63, 'Database Management Systems', 3.0, 4, 'Medium'),
  (64, 'Software Engineering', 3.0, 4, 'Medium'),
  (65, 'Operating Systems Lab', 1.0, 4, 'Easy'),
  (66, 'Database Management Systems Lab', 1.0, 4, 'Easy'),
  (67, 'Real-time Research Project', 2.0, 4, 'Medium'),
  (68, 'Constitution of India', 0.0, 4, 'Easy'),
  (69, 'Skill Development Course II', 1.0, 4, 'Easy'),
  (70, 'Mathematical and Statistical Foundations', 3.0, 4, 'Hard'),
  (71, 'Automata Theory and Compiler Design CSM', 3.0, 4, 'Hard'),
  (72, 'Introduction to Artificial Intelligence', 3.0, 4, 'Medium'),
  (73, 'Object Oriented Programming Java CSM', 3.0, 4, 'Medium'),
  (74, 'Java Programming Lab', 1.0, 4, 'Easy'),
  (75, 'Gender Sensitization Lab II', 0.0, 4, 'Easy'),
  (76, 'Business Economics and Financial Analysis CSD', 3.0, 4, 'Medium'),
  (80, 'Design and Analysis of Algorithms', 4.0, 5, 'Hard'),
  (81, 'Computer Networks', 3.0, 5, 'Hard'),
  (82, 'DevOps', 3.0, 5, 'Medium'),
  (83, 'Professional Elective I', 3.0, 5, 'Medium'),
  (84, 'Professional Elective II', 3.0, 5, 'Medium'),
  (85, 'Computer Networks Lab', 1.0, 5, 'Medium'),
  (86, 'DevOps Lab', 1.0, 5, 'Easy'),
  (87, 'Advanced English Communication Skills Lab', 1.0, 5, 'Easy'),
  (88, 'Intellectual Property Rights', 0.0, 5, 'Easy'),
  (89, 'Skill Development Course III', 1.0, 5, 'Easy'),
  (90, 'Machine Learning', 3.0, 5, 'Hard'),
  (91, 'Business Economics and Financial Analysis V', 3.0, 5, 'Medium'),
  (92, 'Machine Learning Lab', 1.0, 5, 'Medium'),
  (93, 'Introduction to Data Science', 4.0, 5, 'Hard'),
  (94, 'R Programming Lab', 1.0, 5, 'Medium'),
  (95, 'Design and Analysis of Algorithms CSM', 4.0, 5, 'Hard'),
  (100, 'Machine Learning Sem6', 3.0, 6, 'Hard'),
  (101, 'Formal Languages and Automata Theory', 3.0, 6, 'Hard'),
  (102, 'Artificial Intelligence', 3.0, 6, 'Hard'),
  (103, 'Professional Elective III', 3.0, 6, 'Medium'),
  (104, 'Open Elective I', 3.0, 6, 'Medium'),
  (105, 'Machine Learning Lab Sem6', 1.0, 6, 'Medium'),
  (106, 'Artificial Intelligence Lab', 1.0, 6, 'Medium'),
  (107, 'Professional Elective III Lab', 1.0, 6, 'Easy'),
  (108, 'Industry Oriented Mini Project', 2.0, 6, 'Medium'),
  (109, 'Environmental Science', 0.0, 6, 'Easy'),
  (110, 'Knowledge Representation and Reasoning', 3.0, 6, 'Hard'),
  (111, 'Data Analytics', 3.0, 6, 'Hard'),
  (112, 'Natural Language Processing', 3.0, 6, 'Hard'),
  (113, 'Natural Language Processing Lab', 1.5, 6, 'Medium'),
  (114, 'Data Analytics Lab', 1.5, 6, 'Medium'),
  (115, 'Professional Elective II CSM', 3.0, 6, 'Medium'),
  (116, 'Automata Theory and Compiler Design CSD', 3.0, 6, 'Hard'),
  (117, 'Algorithm Design and Analysis CSD', 3.0, 6, 'Hard'),
  (118, 'Big Data Analytics', 3.0, 6, 'Hard'),
  (119, 'Big Data Analytics Lab', 1.0, 6, 'Medium'),
  (120, 'Advanced English Communication Skills Lab VI', 1.0, 6, 'Easy'),
  (121, 'Professional Elective III CSD', 3.0, 6, 'Medium'),
  (122, 'Professional Elective III Lab CSD', 1.0, 6, 'Easy'),
  (130, 'Cryptography and Network Security', 3.0, 7, 'Hard'),
  (131, 'Compiler Design', 3.0, 7, 'Hard'),
  (132, 'Professional Elective IV', 3.0, 7, 'Medium'),
  (133, 'Professional Elective V', 3.0, 7, 'Medium'),
  (134, 'Open Elective II', 3.0, 7, 'Medium'),
  (135, 'Cryptography and Network Security Lab', 1.0, 7, 'Medium'),
  (136, 'Compiler Design Lab', 1.0, 7, 'Easy'),
  (137, 'Project Stage I', 3.0, 7, 'Medium'),
  (139, 'Deep Learning', 3.0, 7, 'Hard'),
  (140, 'Nature Inspired Computing', 2.0, 7, 'Hard'),
  (141, 'Professional Elective III CSM', 3.0, 7, 'Medium'),
  (142, 'Open Elective II CSM', 3.0, 7, 'Medium'),
  (143, 'Professional Practice Law and Ethics', 2.0, 7, 'Easy'),
  (144, 'Professional Elective III Lab CSM', 1.0, 7, 'Easy'),
  (145, 'Predictive Analytics', 3.0, 7, 'Hard'),
  (146, 'Web and Social Media Analytics', 3.0, 7, 'Medium'),
  (147, 'Predictive Analytics Lab', 1.0, 7, 'Medium'),
  (148, 'Web and Social Media Analytics Lab', 1.0, 7, 'Easy'),
  (149, 'Open Elective II CSD', 3.0, 7, 'Medium'),
  (160, 'Professional Elective VI', 3.0, 8, 'Medium'),
  (161, 'Open Elective III', 3.0, 8, 'Medium'),
  (162, 'Project Stage II including Seminar', 11.0, 8, 'Hard'),
  (163, 'Organizational Behavior', 3.0, 8, 'Easy'),
  (164, 'Professional Elective V Sem8', 3.0, 8, 'Medium');

-- ── Branch_Subjects (281 rows) ────────────────────────
INSERT INTO Branch_Subjects (id, subject_id, department, semester) VALUES
  (1, 1, 'CSE', 1),
  (2, 2, 'CSE', 1),
  (3, 3, 'CSE', 1),
  (4, 4, 'CSE', 1),
  (5, 5, 'CSE', 1),
  (6, 6, 'CSE', 1),
  (7, 7, 'CSE', 1),
  (8, 8, 'CSE', 1),
  (9, 9, 'CSE', 1),
  (10, 10, 'CSE', 1),
  (11, 20, 'CSE', 2),
  (12, 21, 'CSE', 2),
  (13, 22, 'CSE', 2),
  (14, 23, 'CSE', 2),
  (15, 24, 'CSE', 2),
  (16, 25, 'CSE', 2),
  (17, 26, 'CSE', 2),
  (18, 27, 'CSE', 2),
  (19, 28, 'CSE', 2),
  (20, 40, 'CSE', 3),
  (21, 41, 'CSE', 3),
  (22, 42, 'CSE', 3),
  (23, 44, 'CSE', 3),
  (24, 45, 'CSE', 3),
  (25, 46, 'CSE', 3),
  (26, 47, 'CSE', 3),
  (27, 48, 'CSE', 3),
  (28, 49, 'CSE', 3),
  (29, 50, 'CSE', 3),
  (30, 60, 'CSE', 4),
  (31, 61, 'CSE', 4),
  (32, 62, 'CSE', 4),
  (33, 63, 'CSE', 4),
  (34, 64, 'CSE', 4),
  (35, 65, 'CSE', 4),
  (36, 66, 'CSE', 4),
  (37, 67, 'CSE', 4),
  (38, 68, 'CSE', 4),
  (39, 69, 'CSE', 4),
  (40, 80, 'CSE', 5),
  (41, 81, 'CSE', 5),
  (42, 82, 'CSE', 5),
  (43, 83, 'CSE', 5),
  (44, 84, 'CSE', 5),
  (45, 85, 'CSE', 5),
  (46, 86, 'CSE', 5),
  (47, 87, 'CSE', 5),
  (48, 88, 'CSE', 5),
  (49, 89, 'CSE', 5),
  (50, 100, 'CSE', 6),
  (51, 101, 'CSE', 6),
  (52, 102, 'CSE', 6),
  (53, 103, 'CSE', 6),
  (54, 104, 'CSE', 6),
  (55, 105, 'CSE', 6),
  (56, 106, 'CSE', 6),
  (57, 107, 'CSE', 6),
  (58, 108, 'CSE', 6),
  (59, 109, 'CSE', 6),
  (60, 130, 'CSE', 7),
  (61, 131, 'CSE', 7),
  (62, 132, 'CSE', 7),
  (63, 133, 'CSE', 7),
  (64, 134, 'CSE', 7),
  (65, 135, 'CSE', 7),
  (66, 136, 'CSE', 7),
  (67, 137, 'CSE', 7),
  (68, 163, 'CSE', 8),
  (69, 160, 'CSE', 8),
  (70, 161, 'CSE', 8),
  (71, 162, 'CSE', 8),
  (72, 1, 'IT', 1),
  (73, 2, 'IT', 1),
  (74, 3, 'IT', 1),
  (75, 4, 'IT', 1),
  (76, 5, 'IT', 1),
  (77, 6, 'IT', 1),
  (78, 7, 'IT', 1),
  (79, 8, 'IT', 1),
  (80, 9, 'IT', 1),
  (81, 10, 'IT', 1),
  (82, 20, 'IT', 2),
  (83, 21, 'IT', 2),
  (84, 22, 'IT', 2),
  (85, 23, 'IT', 2),
  (86, 24, 'IT', 2),
  (87, 25, 'IT', 2),
  (88, 26, 'IT', 2),
  (89, 27, 'IT', 2),
  (90, 28, 'IT', 2),
  (91, 40, 'IT', 3),
  (92, 41, 'IT', 3),
  (93, 42, 'IT', 3),
  (94, 44, 'IT', 3),
  (95, 45, 'IT', 3),
  (96, 46, 'IT', 3),
  (97, 47, 'IT', 3),
  (98, 48, 'IT', 3),
  (99, 49, 'IT', 3),
  (100, 50, 'IT', 3),
  (101, 60, 'IT', 4),
  (102, 61, 'IT', 4),
  (103, 62, 'IT', 4),
  (104, 63, 'IT', 4),
  (105, 64, 'IT', 4),
  (106, 65, 'IT', 4),
  (107, 66, 'IT', 4),
  (108, 67, 'IT', 4),
  (109, 68, 'IT', 4),
  (110, 69, 'IT', 4),
  (111, 80, 'IT', 5),
  (112, 81, 'IT', 5),
  (113, 82, 'IT', 5),
  (114, 83, 'IT', 5),
  (115, 84, 'IT', 5),
  (116, 85, 'IT', 5),
  (117, 86, 'IT', 5),
  (118, 87, 'IT', 5),
  (119, 88, 'IT', 5),
  (120, 89, 'IT', 5),
  (121, 100, 'IT', 6),
  (122, 101, 'IT', 6),
  (123, 102, 'IT', 6),
  (124, 103, 'IT', 6),
  (125, 104, 'IT', 6),
  (126, 105, 'IT', 6),
  (127, 106, 'IT', 6),
  (128, 107, 'IT', 6),
  (129, 108, 'IT', 6),
  (130, 109, 'IT', 6),
  (131, 130, 'IT', 7),
  (132, 131, 'IT', 7),
  (133, 132, 'IT', 7),
  (134, 133, 'IT', 7),
  (135, 134, 'IT', 7),
  (136, 135, 'IT', 7),
  (137, 136, 'IT', 7),
  (138, 137, 'IT', 7),
  (139, 163, 'IT', 8),
  (140, 160, 'IT', 8),
  (141, 161, 'IT', 8),
  (142, 162, 'IT', 8),
  (143, 1, 'CSM', 1),
  (144, 11, 'CSM', 1),
  (145, 3, 'CSM', 1),
  (146, 13, 'CSM', 1),
  (147, 14, 'CSM', 1),
  (148, 6, 'CSM', 1),
  (149, 12, 'CSM', 1),
  (150, 8, 'CSM', 1),
  (151, 9, 'CSM', 1),
  (152, 20, 'CSM', 2),
  (153, 29, 'CSM', 2),
  (154, 30, 'CSM', 2),
  (155, 31, 'CSM', 2),
  (156, 24, 'CSM', 2),
  (157, 32, 'CSM', 2),
  (158, 26, 'CSM', 2),
  (159, 33, 'CSM', 2),
  (160, 28, 'CSM', 2),
  (161, 51, 'CSM', 3),
  (162, 41, 'CSM', 3),
  (163, 52, 'CSM', 3),
  (164, 53, 'CSM', 3),
  (165, 54, 'CSM', 3),
  (166, 46, 'CSM', 3),
  (167, 55, 'CSM', 3),
  (168, 56, 'CSM', 3),
  (169, 57, 'CSM', 3),
  (170, 49, 'CSM', 3),
  (171, 70, 'CSM', 4),
  (172, 71, 'CSM', 4),
  (173, 72, 'CSM', 4),
  (174, 63, 'CSM', 4),
  (175, 73, 'CSM', 4),
  (176, 74, 'CSM', 4),
  (177, 66, 'CSM', 4),
  (178, 67, 'CSM', 4),
  (179, 75, 'CSM', 4),
  (180, 69, 'CSM', 4),
  (181, 95, 'CSM', 5),
  (182, 81, 'CSM', 5),
  (183, 90, 'CSM', 5),
  (184, 91, 'CSM', 5),
  (185, 83, 'CSM', 5),
  (186, 85, 'CSM', 5),
  (187, 92, 'CSM', 5),
  (188, 87, 'CSM', 5),
  (189, 88, 'CSM', 5),
  (190, 89, 'CSM', 5),
  (191, 110, 'CSM', 6),
  (192, 111, 'CSM', 6),
  (193, 112, 'CSM', 6),
  (194, 115, 'CSM', 6),
  (195, 104, 'CSM', 6),
  (196, 113, 'CSM', 6),
  (197, 114, 'CSM', 6),
  (198, 108, 'CSM', 6),
  (199, 109, 'CSM', 6),
  (200, 139, 'CSM', 7),
  (201, 140, 'CSM', 7),
  (202, 141, 'CSM', 7),
  (203, 132, 'CSM', 7),
  (204, 142, 'CSM', 7),
  (205, 143, 'CSM', 7),
  (206, 144, 'CSM', 7),
  (207, 137, 'CSM', 7),
  (208, 164, 'CSM', 8),
  (209, 160, 'CSM', 8),
  (210, 161, 'CSM', 8),
  (211, 162, 'CSM', 8),
  (212, 1, 'CSD', 1),
  (213, 2, 'CSD', 1),
  (214, 3, 'CSD', 1),
  (215, 4, 'CSD', 1),
  (216, 5, 'CSD', 1),
  (217, 6, 'CSD', 1),
  (218, 7, 'CSD', 1),
  (219, 8, 'CSD', 1),
  (220, 9, 'CSD', 1),
  (221, 10, 'CSD', 1),
  (222, 20, 'CSD', 2),
  (223, 11, 'CSD', 2),
  (224, 22, 'CSD', 2),
  (225, 23, 'CSD', 2),
  (226, 24, 'CSD', 2),
  (227, 35, 'CSD', 2),
  (228, 26, 'CSD', 2),
  (229, 27, 'CSD', 2),
  (230, 28, 'CSD', 2),
  (231, 40, 'CSD', 3),
  (232, 41, 'CSD', 3),
  (233, 43, 'CSD', 3),
  (234, 53, 'CSD', 3),
  (235, 45, 'CSD', 3),
  (236, 46, 'CSD', 3),
  (237, 47, 'CSD', 3),
  (238, 48, 'CSD', 3),
  (239, 49, 'CSD', 3),
  (240, 60, 'CSD', 4),
  (241, 76, 'CSD', 4),
  (242, 62, 'CSD', 4),
  (243, 63, 'CSD', 4),
  (244, 64, 'CSD', 4),
  (245, 65, 'CSD', 4),
  (246, 66, 'CSD', 4),
  (247, 67, 'CSD', 4),
  (248, 68, 'CSD', 4),
  (249, 69, 'CSD', 4),
  (250, 90, 'CSD', 5),
  (251, 93, 'CSD', 5),
  (252, 81, 'CSD', 5),
  (253, 83, 'CSD', 5),
  (254, 84, 'CSD', 5),
  (255, 92, 'CSD', 5),
  (256, 94, 'CSD', 5),
  (257, 85, 'CSD', 5),
  (258, 88, 'CSD', 5),
  (259, 89, 'CSD', 5),
  (260, 116, 'CSD', 6),
  (261, 117, 'CSD', 6),
  (262, 118, 'CSD', 6),
  (263, 121, 'CSD', 6),
  (264, 104, 'CSD', 6),
  (265, 119, 'CSD', 6),
  (266, 122, 'CSD', 6),
  (267, 120, 'CSD', 6),
  (268, 108, 'CSD', 6),
  (269, 109, 'CSD', 6),
  (270, 145, 'CSD', 7),
  (271, 146, 'CSD', 7),
  (272, 132, 'CSD', 7),
  (273, 133, 'CSD', 7),
  (274, 149, 'CSD', 7),
  (275, 147, 'CSD', 7),
  (276, 148, 'CSD', 7),
  (277, 137, 'CSD', 7),
  (278, 163, 'CSD', 8),
  (279, 160, 'CSD', 8),
  (280, 161, 'CSD', 8),
  (281, 162, 'CSD', 8);

-- ── Subject_Prerequisites (85 relationships) ──────────
INSERT INTO Subject_Prerequisites (subject_id, prereq_id, weight) VALUES
  (41, 3, 1.00),
  (42, 1, 0.80),
  (42, 20, 0.70),
  (43, 1, 0.80),
  (43, 20, 0.70),
  (46, 41, 1.00),
  (46, 8, 0.70),
  (63, 41, 1.00),
  (66, 63, 1.00),
  (65, 3, 0.50),
  (65, 61, 0.80),
  (65, 62, 1.00),
  (55, 3, 0.50),
  (55, 53, 0.80),
  (55, 52, 1.00),
  (89, 45, 0.80),
  (80, 3, 0.60),
  (80, 45, 0.70),
  (80, 26, 0.50),
  (80, 41, 1.00),
  (95, 3, 0.60),
  (95, 45, 0.70),
  (95, 26, 0.50),
  (95, 41, 1.00),
  (117, 3, 0.60),
  (117, 45, 0.70),
  (117, 26, 0.50),
  (117, 41, 1.00),
  (81, 3, 0.60),
  (81, 41, 0.80),
  (82, 64, 1.00),
  (131, 101, 1.00),
  (131, 61, 0.70),
  (131, 41, 0.70),
  (116, 53, 0.80),
  (116, 41, 0.70),
  (136, 131, 1.00),
  (62, 3, 0.60),
  (62, 41, 0.80),
  (62, 61, 0.70),
  (52, 3, 0.60),
  (52, 41, 0.80),
  (52, 53, 0.70),
  (10, 4, 1.00),
  (111, 63, 0.70),
  (111, 42, 0.80),
  (118, 63, 0.70),
  (118, 43, 0.80),
  (112, 41, 0.70),
  (112, 71, 0.80),
  (113, 112, 1.00),
  (130, 81, 1.00),
  (130, 1, 0.60),
  (130, 20, 0.60),
  (130, 42, 0.70),
  (145, 93, 1.00),
  (53, 40, 1.00),
  (61, 40, 1.00),
  (101, 60, 1.00),
  (45, 41, 0.80),
  (90, 42, 0.80),
  (90, 26, 0.60),
  (100, 90, 1.00),
  (92, 90, 1.00),
  (105, 100, 1.00),
  (102, 90, 0.80),
  (106, 102, 1.00),
  (137, 63, 0.50),
  (137, 62, 0.50),
  (137, 81, 0.50),
  (162, 137, 1.00),
  (85, 81, 1.00),
  (86, 82, 1.00),
  (114, 111, 1.00),
  (119, 118, 1.00),
  (147, 145, 1.00),
  (135, 130, 1.00),
  (60, 1, 0.70),
  (72, 41, 0.70),
  (72, 42, 0.70),
  (139, 90, 1.00),
  (110, 102, 0.80),
  (93, 43, 0.80),
  (93, 26, 0.60),
  (20, 1, 1.00);

-- ── Verify ──────────────────────────────────────────
SELECT 'Subjects' AS item, COUNT(*) AS cnt FROM Subjects
UNION ALL SELECT 'Branch_Subjects', COUNT(*) FROM Branch_Subjects
UNION ALL SELECT 'Subject_Prerequisites', COUNT(*) FROM Subject_Prerequisites;